objectid,filename,page identifier,page number,stope book name,stope book number,location,volume,sill number,subject,levels and floors,title,comments,map type,county,district,latitude,longitude,geomethod,datum,date,company,drawer,scanned,optimized,map width inches,map length inches,relations defined,relations defined staff,map scale,township,range,section,format
1546,1546.jpg,Spine,Spine,Travona,G-23,G-23,1,Surface - 12,,Spine Of Stope Book G-23; Volume 1,Spine Of Stope Book G-23; Volume 1,Spine Of Stope Book G-23; Volume 1,Underground Workings,Silver Bow,Butte*,46.002525,-112.549887,Google Earth,Wgs84,,Anaconda Copper Mining Company,Digital Copy Only,1,1,4,19,No,,"1"" = 50'",03n,08w,24,image/jpeg
1547,1547.jpg,1,1,Travona,G-23,G-23,1,Surface - 12,Pearce; Star West; Star West Shaft Collar; Wolcot Incline Shaft Collar; Beginning Of Stope Book G-23; Volume 1,Pearce 100; Star West Shaft Collar; Star West 100; Star West 200; Star West 300; Star West Shaft Collar; Wolcat Incline Shaft Collar (Composite) - Right Page Only; Beginning Of Stope Book G-23; Volume 1,Pearce 100; Star West Shaft Collar; Star West 100; Star West 200; Star West 300; Star West Shaft Collar; Wolcat Incline Shaft Collar (Composite) - Right Page Only; Beginning Of Stope Book G-23; Volume 1,Elevation: 5405.36' At The Star West Shaft; Pearce 100; Star West Shaft Collar; Star West 100; Star West 200; Star West 300; Star West Shaft Collar; Wolcat Incline Shaft Collar (Composite) - Right Page Only; Beginning Of Stope Book G-23; Volume 1,Underground Workings,Silver Bow,Butte*,46.002525,-112.549887,Google Earth,Wgs84,,Anaconda Copper Mining Company,Digital Copy Only,1,1,46,19,No,,"1"" = 50'",03n,08w,24,image/jpeg
1548,1548.jpg,2,2,Travona,G-23,G-23,1,Surface - 12,Travona,Travona 300-29,Travona 300-29,,Underground Workings,Silver Bow,Butte*,46.002525,-112.549887,Google Earth,Wgs84,1/1/1949,Anaconda Copper Mining Company,Digital Copy Only,1,1,46,19,No,,"1"" = 50'",03n,08w,24,image/jpeg
1549,1549.jpg,3,3,Travona,G-23,G-23,1,Surface - 12,Travona,Travona 300-28,Travona 300-28,,Underground Workings,Silver Bow,Butte*,46.002525,-112.549887,Google Earth,Wgs84,1/1/1949,Anaconda Copper Mining Company,Digital Copy Only,1,1,46,19,No,,"1"" = 50'",03n,08w,24,image/jpeg
1550,1550.jpg,4,4,Travona,G-23,G-23,1,Surface - 12,Star West; Travona,Star West Shaft Collar; Travona 300-27,Star West Shaft Collar; Travona 300-27,,Underground Workings,Silver Bow,Butte*,46.002525,-112.549887,Google Earth,Wgs84,1/1/1949,Anaconda Copper Mining Company,Digital Copy Only,1,1,46,19,No,,"1"" = 50'",03n,08w,24,image/jpeg
1551,1551.jpg,5,5,Travona,G-23,G-23,1,Surface - 12,Travona,Travona 300-26,Travona 300-26,,Underground Workings,Silver Bow,Butte*,46.002525,-112.549887,Google Earth,Wgs84,1/1/1949,Anaconda Copper Mining Company,Digital Copy Only,1,1,46,19,No,,"1"" = 50'",03n,08w,24,image/jpeg
1552,1552.jpg,6,6,Travona,G-23,G-23,1,Surface - 12,Star West; Travona,Star West 85-11; Star West 100-8; Travona 300-25; Travona 300-27,Star West 85-11; Star West 100-8; Travona 300-25; Travona 300-27,,Underground Workings,Silver Bow,Butte*,46.002525,-112.549887,Google Earth,Wgs84,1/1/1897,Anaconda Copper Mining Company,Digital Copy Only,1,1,46,19,No,,"1"" = 50'",03n,08w,24,image/jpeg
1553,1553.jpg,7,7,Travona,G-23,G-23,1,Surface - 12,Star West; Travona,Star West 85-10; Star West 100-7; Travona 300-24 (Upper); Travona 300-26,Star West 85-10; Star West 100-7; Travona 300-24 (Upper); Travona 300-26,,Underground Workings,Silver Bow,Butte*,46.002525,-112.549887,Google Earth,Wgs84,1/1/1897,Anaconda Copper Mining Company,Digital Copy Only,1,1,46,19,No,,"1"" = 50'",03n,08w,24,image/jpeg
1554,1554.jpg,8,8,Travona,G-23,G-23,1,Surface - 12,Star West; Travona,Star West 85-9; Star West 100-6; Star West Incline Shaft; Travona 300-23 (Upper); Travona 300-25,Star West 85-9; Star West 100-6; Star West Incline Shaft; Travona 300-23 (Upper); Travona 300-25,Star West Incline Shaft Starts Here And End On The Star West 300 Sill,Underground Workings,Silver Bow,Butte*,46.002525,-112.549887,Google Earth,Wgs84,1/1/1897,Anaconda Copper Mining Company,Digital Copy Only,1,1,46,19,No,,"1"" = 50'",03n,08w,24,image/jpeg
1555,1555.jpg,9,9,Travona,G-23,G-23,1,Surface - 12,Star West; Travona,Star West 85-8; Star West 100-5; Travona 300-22 (Upper); Travona 300-24,Star West 85-8; Star West 100-5; Travona 300-22 (Upper); Travona 300-24,,Underground Workings,Silver Bow,Butte*,46.002525,-112.549887,Google Earth,Wgs84,1/1/1897,Anaconda Copper Mining Company,Digital Copy Only,1,1,46,19,No,,"1"" = 50'",03n,08w,24,image/jpeg
1556,1556.jpg,10,10,Travona,G-23,G-23,1,Surface - 12,Star West; Travona,Star West 85-7; Star West 100-4; Travona 300-21 (Upper); Travona 300-23,Star West 85-7; Star West 100-4; Travona 300-21 (Upper); Travona 300-23,,Underground Workings,Silver Bow,Butte*,46.002525,-112.549887,Google Earth,Wgs84,1/1/1897,Anaconda Copper Mining Company,Digital Copy Only,1,1,46,19,No,,"1"" = 50'",03n,08w,24,image/jpeg
1557,1557.jpg,11,11,Travona,G-23,G-23,1,Surface - 12,Star West; Travona,Star West 85-6; Star West 100-3; Travona 300-20 (Upper); Travona 300-22,Star West 85-6; Star West 100-3; Travona 300-20 (Upper); Travona 300-22,,Underground Workings,Silver Bow,Butte*,46.002525,-112.549887,Google Earth,Wgs84,1/1/1897,Anaconda Copper Mining Company,Digital Copy Only,1,1,46,19,No,,"1"" = 50'",03n,08w,24,image/jpeg
1558,1558.jpg,12,12,Travona,G-23,G-23,1,Surface - 12,Star West; Travona,Star West 85-5; Star West 100-2; Travona 300-19 (Upper); Travona 300-21,Star West 85-5; Star West 100-2; Travona 300-19 (Upper); Travona 300-21,,Underground Workings,Silver Bow,Butte*,46.002525,-112.549887,Google Earth,Wgs84,1/1/1897,Anaconda Copper Mining Company,Digital Copy Only,1,1,46,19,No,,"1"" = 50'",03n,08w,24,image/jpeg
1559,1559.jpg,13,13,Travona,G-23,G-23,1,Surface - 12,Star West; Travona,Star West 85-4; Star West 100-1; Travona 300-18 (Upper); Travona 300-20,Star West 85-4; Star West 100-1; Travona 300-18 (Upper); Travona 300-20,,Underground Workings,Silver Bow,Butte*,46.002525,-112.549887,Google Earth,Wgs84,1/1/1897,Anaconda Copper Mining Company,Digital Copy Only,1,1,46,19,No,,"1"" = 50'",03n,08w,24,image/jpeg
1560,1560.jpg,14,14,Travona,G-23,G-23,1,Surface - 12,Star West; Travona,Star West 85-3; Star West 100 Sill; Travona 300-17 (Upper); Travona 300-19,Star West 85-3; Star West 100 Sill; Travona 300-17 (Upper); Travona 300-19,,Underground Workings,Silver Bow,Butte*,46.002525,-112.549887,Google Earth,Wgs84,1/1/1897,Anaconda Copper Mining Company,Digital Copy Only,1,1,46,19,No,,"1"" = 50'",03n,08w,24,image/jpeg
1561,1561.jpg,15,15,Travona,G-23,G-23,1,Surface - 12,Star West; Travona,Star West 85-2; Star West 200-16; Travona 300-16 (Upper); Travona 300-18,Star West 85-2; Star West 200-16; Travona 300-16 (Upper); Travona 300-18,,Underground Workings,Silver Bow,Butte*,46.002525,-112.549887,Google Earth,Wgs84,1/1/1897,Anaconda Copper Mining Company,Digital Copy Only,1,1,46,19,No,,"1"" = 50'",03n,08w,24,image/jpeg
1562,1562.jpg,16,16,Travona,G-23,G-23,1,Surface - 12,Star West; Travona,Star West 85-1; Star West 200-15; Travona 300-15 (Upper); Travona 300-17,Star West 85-1; Star West 200-15; Travona 300-15 (Upper); Travona 300-17,,Underground Workings,Silver Bow,Butte*,46.002525,-112.549887,Google Earth,Wgs84,1/1/1897,Anaconda Copper Mining Company,Digital Copy Only,1,1,46,19,No,,"1"" = 50'",03n,08w,24,image/jpeg
1563,1563.jpg,17,17,Travona,G-23,G-23,1,Surface - 12,Star West; Travona,Star West 85 Sill; Star West 200-14; Travona 300-14 (Upper); Travona 300-16,Star West 85 Sill; Star West 200-14; Travona 300-14 (Upper); Travona 300-16,,Underground Workings,Silver Bow,Butte*,46.002525,-112.549887,Google Earth,Wgs84,1/1/1897,Anaconda Copper Mining Company,Digital Copy Only,1,1,46,19,No,,"1"" = 50'",03n,08w,24,image/jpeg
1564,1564.jpg,18,18,Travona,G-23,G-23,1,Surface - 12,Star West; Travona,Star West 200-13; Travona 300-13 (Upper); Travona 300-15,Star West 200-13; Travona 300-13 (Upper); Travona 300-15,,Underground Workings,Silver Bow,Butte*,46.002525,-112.549887,Google Earth,Wgs84,1/1/1897,Anaconda Copper Mining Company,Digital Copy Only,1,1,46,19,No,,"1"" = 50'",03n,08w,24,image/jpeg
1565,1565.jpg,19,19,Travona,G-23,G-23,1,Surface - 12,Star West; Travona,Star West 200-12; Travona 300-12 (Upper); Travona 300-14,Star West 200-12; Travona 300-12 (Upper); Travona 300-14,Elevation: 5504.0' At The Star West A364r Raise,Underground Workings,Silver Bow,Butte*,46.002525,-112.549887,Google Earth,Wgs84,1/1/1897,Anaconda Copper Mining Company,Digital Copy Only,1,1,46,19,No,,"1"" = 50'",03n,08w,24,image/jpeg
1566,1566.jpg,20,20,Travona,G-23,G-23,1,Surface - 12,Star West; Travona,Star West 200-11; Travona 300-13; Travona 300-11 (Upper),Star West 200-11; Travona 300-13; Travona 300-11 (Upper),,Underground Workings,Silver Bow,Butte*,46.002525,-112.549887,Google Earth,Wgs84,1/1/1897,Anaconda Copper Mining Company,Digital Copy Only,1,1,46,19,No,,"1"" = 50'",03n,08w,24,image/jpeg
1567,1567.jpg,21,21,Travona,G-23,G-23,1,Surface - 12,Star West; Travona,Star West 200-10; Travona 300-10 (Upper); Travona 300-12,Star West 200-10; Travona 300-10 (Upper); Travona 300-12,,Underground Workings,Silver Bow,Butte*,46.002525,-112.549887,Google Earth,Wgs84,1/1/1897,Anaconda Copper Mining Company,Digital Copy Only,1,1,46,19,No,,"1"" = 50'",03n,08w,24,image/jpeg
1568,1568.jpg,22,22,Travona,G-23,G-23,1,Surface - 12,Star West; Travona,Star West 200-9; Travona 300-9 (Upper); Travona 300-11,Star West 200-9; Travona 300-9 (Upper); Travona 300-11,Elevation: 5475.0' At The Star West B308ir Raise,Underground Workings,Silver Bow,Butte*,46.002525,-112.549887,Google Earth,Wgs84,1/1/1897,Anaconda Copper Mining Company,Digital Copy Only,1,1,46,19,No,,"1"" = 50'",03n,08w,24,image/jpeg
1569,1569.jpg,23,23,Travona,G-23,G-23,1,Surface - 12,Star West; Travona,Star West 200-8; Travona 300-8 (Upper); Travona 300-10,Star West 200-8; Travona 300-8 (Upper); Travona 300-10,,Underground Workings,Silver Bow,Butte*,46.002525,-112.549887,Google Earth,Wgs84,1/1/1897,Anaconda Copper Mining Company,Digital Copy Only,1,1,46,19,No,,"1"" = 50'",03n,08w,24,image/jpeg
1570,1570.jpg,24,24,Travona,G-23,G-23,1,Surface - 12,Star West; Travona,Star West 200-7; Travona 300-7 (Upper); Travona 300-9,Star West 200-7; Travona 300-7 (Upper); Travona 300-9,,Underground Workings,Silver Bow,Butte*,46.002525,-112.549887,Google Earth,Wgs84,1/1/1897,Anaconda Copper Mining Company,Digital Copy Only,1,1,46,19,No,,"1"" = 50'",03n,08w,24,image/jpeg
1571,1571.jpg,25,25,Travona,G-23,G-23,1,Surface - 12,Star West; Travona,Star West 200-6; Travona 300-6 (Upper); Travona 300-8,Star West 200-6; Travona 300-6 (Upper); Travona 300-8,,Underground Workings,Silver Bow,Butte*,46.002525,-112.549887,Google Earth,Wgs84,1/1/1897,Anaconda Copper Mining Company,Digital Copy Only,1,1,46,19,No,,"1"" = 50'",03n,08w,24,image/jpeg
1572,1572.jpg,26,26,Travona,G-23,G-23,1,Surface - 12,Star West; Travona,Star West 200-5; Travona 300-5 (Upper); Travona 300-7,Star West 200-5; Travona 300-5 (Upper); Travona 300-7,Elevation: 5446.0' At The Star West A362r Raise,Underground Workings,Silver Bow,Butte*,46.002525,-112.549887,Google Earth,Wgs84,1/1/1897,Anaconda Copper Mining Company,Digital Copy Only,1,1,46,19,No,,"1"" = 50'",03n,08w,24,image/jpeg
1573,1573.jpg,27,27,Travona,G-23,G-23,1,Surface - 12,Star West; Travona,Star West 200-4; Travona 300-4 (Upper); Travona 300-6,Star West 200-4; Travona 300-4 (Upper); Travona 300-6,,Underground Workings,Silver Bow,Butte*,46.002525,-112.549887,Google Earth,Wgs84,1/1/1897,Anaconda Copper Mining Company,Digital Copy Only,1,1,46,19,No,,"1"" = 50'",03n,08w,24,image/jpeg
1574,1574.jpg,28,28,Travona,G-23,G-23,1,Surface - 12,Star West; Travona,Star West 200-3; Travona 300-3 (Upper); Travona 300-5,Star West 200-3; Travona 300-3 (Upper); Travona 300-5,Elevation: 5425.0' Near The Star West A312r Raise,Underground Workings,Silver Bow,Butte*,46.002525,-112.549887,Google Earth,Wgs84,1/1/1897,Anaconda Copper Mining Company,Digital Copy Only,1,1,46,19,No,,"1"" = 50'",03n,08w,24,image/jpeg
1575,1575.jpg,29,29,Travona,G-23,G-23,1,Surface - 12,Star West; Travona,Star West 200-2; Travona 300-2 (Upper); Travona 300-4,Star West 200-2; Travona 300-2 (Upper); Travona 300-4,Elevation: 5412.0' Near The Star West A392r Raise,Underground Workings,Silver Bow,Butte*,46.002525,-112.549887,Google Earth,Wgs84,1/1/1897,Anaconda Copper Mining Company,Digital Copy Only,1,1,46,19,No,,"1"" = 50'",03n,08w,24,image/jpeg
1576,1576.jpg,30,30,Travona,G-23,G-23,1,Surface - 12,Star West; Travona,Star West 200-1; Travona 300-1 (Upper); Travona 300-3,Star West 200-1; Travona 300-1 (Upper); Travona 300-3,,Underground Workings,Silver Bow,Butte*,46.002525,-112.549887,Google Earth,Wgs84,1/1/1897,Anaconda Copper Mining Company,Digital Copy Only,1,1,46,19,No,,"1"" = 50'",03n,08w,24,image/jpeg
1577,1577.jpg,31,31,Travona,G-23,G-23,1,Surface - 12,Star West; Travona,Star West 200 Sill; Travona 300 Sill (Upper); Travona 300-2,Star West 200 Sill; Travona 300 Sill (Upper); Travona 300-2,Elevation: 5405.36' At The Star West Shaft,Underground Workings,Silver Bow,Butte*,46.002525,-112.549887,Google Earth,Wgs84,1/1/1897,Anaconda Copper Mining Company,Digital Copy Only,1,1,46,19,No,,"1"" = 50'",03n,08w,24,image/jpeg
1578,1578.jpg,32,32,Travona,G-23,G-23,1,Surface - 12,Star West; Travona,Star West 250-4; Travona 300-1; Travona 500-27 (Upper),Star West 250-4; Travona 300-1; Travona 500-27 (Upper),,Underground Workings,Silver Bow,Butte*,46.002525,-112.549887,Google Earth,Wgs84,1/1/1897,Anaconda Copper Mining Company,Digital Copy Only,1,1,46,19,No,,"1"" = 50'",03n,08w,24,image/jpeg
1579,1579.jpg,33,33,Travona,G-23,G-23,1,Surface - 12,Star West; Travona,Star West 250-3; Travona 300 Sill; Travona 500-26 (Upper),Star West 250-3; Travona 300 Sill; Travona 500-26 (Upper),Elevation: 5392.6' Near The Travona D514ir Raise,Underground Workings,Silver Bow,Butte*,46.002525,-112.549887,Google Earth,Wgs84,1/1/1897,Anaconda Copper Mining Company,Digital Copy Only,1,1,46,19,No,,"1"" = 50'",03n,08w,24,image/jpeg
1580,1580.jpg,34,34,Travona,G-23,G-23,1,Surface - 12,Star West; Travona,Star West 250-2; Travona 500-25,Star West 250-2; Travona 500-25,,Underground Workings,Silver Bow,Butte*,46.002525,-112.549887,Google Earth,Wgs84,1/1/1897,Anaconda Copper Mining Company,Digital Copy Only,1,1,46,19,No,,"1"" = 50'",03n,08w,24,image/jpeg
1581,1581.jpg,35,35,Travona,G-23,G-23,1,Surface - 12,Star West; Travona,Star West 250-1; Travona 500-24,Star West 250-1; Travona 500-24,,Underground Workings,Silver Bow,Butte*,46.002525,-112.549887,Google Earth,Wgs84,1/1/1897,Anaconda Copper Mining Company,Digital Copy Only,1,1,46,19,No,,"1"" = 50'",03n,08w,24,image/jpeg
1582,1582.jpg,36,36,Travona,G-23,G-23,1,Surface - 12,Star West; Travona,Star West 250 Sill; Travona 500-23,Star West 250 Sill; Travona 500-23,,Underground Workings,Silver Bow,Butte*,46.002525,-112.549887,Google Earth,Wgs84,1/1/1897,Anaconda Copper Mining Company,Digital Copy Only,1,1,46,19,No,,"1"" = 50'",03n,08w,24,image/jpeg
1583,1583.jpg,37,37,Travona,G-23,G-23,1,Surface - 12,Star West; Travona,Star West 300-8 (4' Floor); Travona 500-22,Star West 300-8 (4' Floor); Travona 500-22,,Underground Workings,Silver Bow,Butte*,46.002525,-112.549887,Google Earth,Wgs84,1/1/1897,Anaconda Copper Mining Company,Digital Copy Only,1,1,46,19,No,,"1"" = 50'",03n,08w,24,image/jpeg
1584,1584.jpg,38,38,Travona,G-23,G-23,1,Surface - 12,Star West; Travona,Star West 300-7; Travona 500-21,Star West 300-7; Travona 500-21,,Underground Workings,Silver Bow,Butte*,46.002525,-112.549887,Google Earth,Wgs84,1/1/1897,Anaconda Copper Mining Company,Digital Copy Only,1,1,46,19,No,,"1"" = 50'",03n,08w,24,image/jpeg
1585,1585.jpg,39,39,Travona,G-23,G-23,1,Surface - 12,Star West; Travona,Star West 300-6; Travona 500-20,Star West 300-6; Travona 500-20,,Underground Workings,Silver Bow,Butte*,46.002525,-112.549887,Google Earth,Wgs84,1/1/1897,Anaconda Copper Mining Company,Digital Copy Only,1,1,46,19,No,,"1"" = 50'",03n,08w,24,image/jpeg
1586,1586.jpg,40,40,Travona,G-23,G-23,1,Surface - 12,Star West; Travona,Star West 300-5; Travona 500-19,Star West 300-5; Travona 500-19,,Underground Workings,Silver Bow,Butte*,46.002525,-112.549887,Google Earth,Wgs84,1/1/1897,Anaconda Copper Mining Company,Digital Copy Only,1,1,46,19,No,,"1"" = 50'",03n,08w,24,image/jpeg
1587,1587.jpg,41,41,Travona,G-23,G-23,1,Surface - 12,Star West; Travona,Star West 300-4; Travona 500-18,Star West 300-4; Travona 500-18,,Underground Workings,Silver Bow,Butte*,46.002525,-112.549887,Google Earth,Wgs84,1/1/1897,Anaconda Copper Mining Company,Digital Copy Only,1,1,46,19,No,,"1"" = 50'",03n,08w,24,image/jpeg
1588,1588.jpg,42,42,Travona,G-23,G-23,1,Surface - 12,Star West; Travona,Star West 300-3; Travona 500-17,Star West 300-3; Travona 500-17,Elevation: 5317.0'± Near The Star West C544#2r Raise,Underground Workings,Silver Bow,Butte*,46.002525,-112.549887,Google Earth,Wgs84,1/1/1897,Anaconda Copper Mining Company,Digital Copy Only,1,1,46,19,No,,"1"" = 50'",03n,08w,24,image/jpeg
1589,1589.jpg,43,43,Travona,G-23,G-23,1,Surface - 12,Star West; Travona,Star West 300-2; Travona 500-16,Star West 300-2; Travona 500-16,Elevation: 5312.0'± Near The Star West C526#2r Raise,Underground Workings,Silver Bow,Butte*,46.002525,-112.549887,Google Earth,Wgs84,1/1/1897,Anaconda Copper Mining Company,Digital Copy Only,1,1,46,19,No,,"1"" = 50'",03n,08w,24,image/jpeg
1590,1590.jpg,44,44,Travona,G-23,G-23,1,Surface - 12,Star West; Travona,Star West 300-1; Travona 500-15,Star West 300-1; Travona 500-15,Elevation: 5311.0'± Near The Star West C544#2r Raise,Underground Workings,Silver Bow,Butte*,46.002525,-112.549887,Google Earth,Wgs84,1/1/1897,Anaconda Copper Mining Company,Digital Copy Only,1,1,46,19,No,,"1"" = 50'",03n,08w,24,image/jpeg
1591,1591.jpg,45,45,Travona,G-23,G-23,1,Surface - 12,Star West; Travona,Star West 300 Sill; Travona 500-14,Star West 300 Sill; Travona 500-14,Elevation: 5305.45'± At The Star West Shaft,Underground Workings,Silver Bow,Butte*,46.002525,-112.549887,Google Earth,Wgs84,1/1/1897,Anaconda Copper Mining Company,Digital Copy Only,1,1,46,19,No,,"1"" = 50'",03n,08w,24,image/jpeg
1592,1592.jpg,46,46,Travona,G-23,G-23,1,Surface - 12,Travona,Travona 500-13,Travona 500-13,,Underground Workings,Silver Bow,Butte*,46.002525,-112.549887,Google Earth,Wgs84,1/1/1945,Anaconda Copper Mining Company,Digital Copy Only,1,1,46,19,No,,"1"" = 50'",03n,08w,24,image/jpeg
1593,1593.jpg,47,47,Travona,G-23,G-23,1,Surface - 12,Travona,Travona 500-12,Travona 500-12,Elevation: 5285.0' At The End Of The Travona D542i Stope,Underground Workings,Silver Bow,Butte*,46.002525,-112.549887,Google Earth,Wgs84,1/1/1945,Anaconda Copper Mining Company,Digital Copy Only,1,1,46,19,No,,"1"" = 50'",03n,08w,24,image/jpeg
1594,1594.jpg,48,48,Travona,G-23,G-23,1,Surface - 12,Travona,Travona 500-11,Travona 500-11,,Underground Workings,Silver Bow,Butte*,46.002525,-112.549887,Google Earth,Wgs84,1/1/1945,Anaconda Copper Mining Company,Digital Copy Only,1,1,46,19,No,,"1"" = 50'",03n,08w,24,image/jpeg
1595,1595.jpg,49,49,Travona,G-23,G-23,1,Surface - 12,Travona,Travona 500-10,Travona 500-10,,Underground Workings,Silver Bow,Butte*,46.002525,-112.549887,Google Earth,Wgs84,1/1/1945,Anaconda Copper Mining Company,Digital Copy Only,1,1,46,19,No,,"1"" = 50'",03n,08w,24,image/jpeg
1596,1596.jpg,50,50,Travona,G-23,G-23,1,Surface - 12,Travona,Travona 500-9,Travona 500-9,,Underground Workings,Silver Bow,Butte*,46.002525,-112.549887,Google Earth,Wgs84,1/1/1945,Anaconda Copper Mining Company,Digital Copy Only,1,1,46,19,No,,"1"" = 50'",03n,08w,24,image/jpeg
1597,1597.jpg,51,51,Travona,G-23,G-23,1,Surface - 12,Travona,Travona 500-8,Travona 500-8,Elevation: 5246.0' At The End Of The Travona D539i Raise,Underground Workings,Silver Bow,Butte*,46.002525,-112.549887,Google Earth,Wgs84,1/1/1945,Anaconda Copper Mining Company,Digital Copy Only,1,1,46,19,No,,"1"" = 50'",03n,08w,24,image/jpeg
1598,1598.jpg,52,52,Travona,G-23,G-23,1,Surface - 12,Travona,Travona 500-7,Travona 500-7,Elevation: 5249.0' At The Travona A571r Raise,Underground Workings,Silver Bow,Butte*,46.002525,-112.549887,Google Earth,Wgs84,1/1/1945,Anaconda Copper Mining Company,Digital Copy Only,1,1,46,19,No,,"1"" = 50'",03n,08w,24,image/jpeg
1599,1599.jpg,53,53,Travona,G-23,G-23,1,Surface - 12,Travona,Travona 500-6,Travona 500-6,Elevation: 5237.0' At The Travona B531i Raise,Underground Workings,Silver Bow,Butte*,46.002525,-112.549887,Google Earth,Wgs84,1/1/1945,Anaconda Copper Mining Company,Digital Copy Only,1,1,46,19,No,,"1"" = 50'",03n,08w,24,image/jpeg
1600,1600.jpg,54,54,Travona,G-23,G-23,1,Surface - 12,Travona,Travona 500-5,Travona 500-5,Elevation: 5229.0'± At The Travona A568i Raise,Underground Workings,Silver Bow,Butte*,46.002525,-112.549887,Google Earth,Wgs84,1/1/1945,Anaconda Copper Mining Company,Digital Copy Only,1,1,46,19,No,,"1"" = 50'",03n,08w,24,image/jpeg
1601,1601.jpg,55,55,Travona,G-23,G-23,1,Surface - 12,Travona,Travona 500-4,Travona 500-4,,Underground Workings,Silver Bow,Butte*,46.002525,-112.549887,Google Earth,Wgs84,1/1/1945,Anaconda Copper Mining Company,Digital Copy Only,1,1,46,19,No,,"1"" = 50'",03n,08w,24,image/jpeg
1602,1602.jpg,56,56,Travona,G-23,G-23,1,Surface - 12,Travona,Travona 500-3,Travona 500-3,Elevation: 5215.0' At The Travona A562 Raise,Underground Workings,Silver Bow,Butte*,46.002525,-112.549887,Google Earth,Wgs84,1/1/1945,Anaconda Copper Mining Company,Digital Copy Only,1,1,46,19,No,,"1"" = 50'",03n,08w,24,image/jpeg
1603,1603.jpg,57,57,Travona,G-23,G-23,1,Surface - 12,Travona,Travona 500-2,Travona 500-2,,Underground Workings,Silver Bow,Butte*,46.002525,-112.549887,Google Earth,Wgs84,1/1/1945,Anaconda Copper Mining Company,Digital Copy Only,1,1,46,19,No,,"1"" = 50'",03n,08w,24,image/jpeg
1604,1604.jpg,58,58,Travona,G-23,G-23,1,Surface - 12,Travona,Travona 500-1,Travona 500-1,,Underground Workings,Silver Bow,Butte*,46.002525,-112.549887,Google Earth,Wgs84,1/1/1945,Anaconda Copper Mining Company,Digital Copy Only,1,1,46,19,No,,"1"" = 50'",03n,08w,24,image/jpeg
1605,1605.jpg,59,59,Travona,G-23,G-23,1,Surface - 12,Travona,Travona 500 Sill,Travona 500 Sill,Elevation: 5191.40' T.R. El. At The Travona B895ir Raise; 5193.5' At S.P. 98822 In The Travona A551 Drift; 5189.9' At The Travona A525r Raise,Underground Workings,Silver Bow,Butte*,46.002525,-112.549887,Google Earth,Wgs84,1/1/1945,Anaconda Copper Mining Company,Digital Copy Only,1,1,46,19,No,,"1"" = 50'",03n,08w,24,image/jpeg
1606,1606.jpg,60,60,Travona,G-23,G-23,1,Surface - 12,Travona,Travona 800-21,Travona 800-21,Blank Page,Underground Workings,Silver Bow,Butte*,46.002525,-112.549887,Google Earth,Wgs84,1/1/1951,Anaconda Copper Mining Company,Digital Copy Only,1,1,46,19,No,,"1"" = 50'",03n,08w,24,image/jpeg
1607,1607.jpg,61,61,Travona,G-23,G-23,1,Surface - 12,Travona,Travona 800-20,Travona 800-20,,Underground Workings,Silver Bow,Butte*,46.002525,-112.549887,Google Earth,Wgs84,1/1/1951,Anaconda Copper Mining Company,Digital Copy Only,1,1,46,19,No,,"1"" = 50'",03n,08w,24,image/jpeg
1608,1608.jpg,62,62,Travona,G-23,G-23,1,Surface - 12,Travona,Travona 800-19,Travona 800-19,,Underground Workings,Silver Bow,Butte*,46.002525,-112.549887,Google Earth,Wgs84,1/1/1951,Anaconda Copper Mining Company,Digital Copy Only,1,1,46,19,No,,"1"" = 50'",03n,08w,24,image/jpeg
1609,1609.jpg,63,63,Travona,G-23,G-23,1,Surface - 12,Travona,Travona 800-18,Travona 800-18,,Underground Workings,Silver Bow,Butte*,46.002525,-112.549887,Google Earth,Wgs84,1/1/1951,Anaconda Copper Mining Company,Digital Copy Only,1,1,46,19,No,,"1"" = 50'",03n,08w,24,image/jpeg
1610,1610.jpg,64,64,Travona,G-23,G-23,1,Surface - 12,Travona,Travona 800-17,Travona 800-17,,Underground Workings,Silver Bow,Butte*,46.002525,-112.549887,Google Earth,Wgs84,1/1/1951,Anaconda Copper Mining Company,Digital Copy Only,1,1,46,19,No,,"1"" = 50'",03n,08w,24,image/jpeg
1611,1611.jpg,65,65,Travona,G-23,G-23,1,Surface - 12,Travona,Travona 800-16,Travona 800-16,,Underground Workings,Silver Bow,Butte*,46.002525,-112.549887,Google Earth,Wgs84,1/1/1951,Anaconda Copper Mining Company,Digital Copy Only,1,1,46,19,No,,"1"" = 50'",03n,08w,24,image/jpeg
1612,1612.jpg,66,66,Travona,G-23,G-23,1,Surface - 12,Travona,Travona 800-15,Travona 800-15,,Underground Workings,Silver Bow,Butte*,46.002525,-112.549887,Google Earth,Wgs84,1/1/1951,Anaconda Copper Mining Company,Digital Copy Only,1,1,46,19,No,,"1"" = 50'",03n,08w,24,image/jpeg
1613,1613.jpg,67,67,Travona,G-23,G-23,1,Surface - 12,Travona,Travona 800-14,Travona 800-14,,Underground Workings,Silver Bow,Butte*,46.002525,-112.549887,Google Earth,Wgs84,1/1/1951,Anaconda Copper Mining Company,Digital Copy Only,1,1,46,19,No,,"1"" = 50'",03n,08w,24,image/jpeg
1614,1614.jpg,68,68,Travona,G-23,G-23,1,Surface - 12,Travona,Travona 800-13,Travona 800-13,,Underground Workings,Silver Bow,Butte*,46.002525,-112.549887,Google Earth,Wgs84,1/1/1951,Anaconda Copper Mining Company,Digital Copy Only,1,1,46,19,No,,"1"" = 50'",03n,08w,24,image/jpeg
1615,1615.jpg,69,69,Travona,G-23,G-23,1,Surface - 12,Bonanza; Travona,Bonanza 500-1; Travona 800-12,Bonanza 500-1; Travona 800-12,,Underground Workings,Silver Bow,Butte*,46.002525,-112.549887,Google Earth,Wgs84,1/1/1951,Anaconda Copper Mining Company,Digital Copy Only,1,1,46,19,No,,"1"" = 50'",03n,08w,24,image/jpeg
1616,1616.jpg,70,70,Travona,G-23,G-23,1,Surface - 12,Bonanza; Travona,Bonanza 500 Sill; Travona 800-11,Bonanza 500 Sill; Travona 800-11,This Page Is Currently Missing And Needs To Be Rescanned. 2;26;20 Asr,Underground Workings,Silver Bow,Butte*,46.002525,-112.549887,Google Earth,Wgs84,1/1/1917,Anaconda Copper Mining Company,Digital Copy Only,1,1,46,19,No,,"1"" = 50'",03n,08w,24,image/jpeg
1617,1617.jpg,71,71,Travona,G-23,G-23,1,Surface - 12,Travona,Travona 800-10,Travona 800-10,,Underground Workings,Silver Bow,Butte*,46.002525,-112.549887,Google Earth,Wgs84,1/1/1917,Anaconda Copper Mining Company,Digital Copy Only,1,1,46,19,No,,"1"" = 50'",03n,08w,24,image/jpeg
1618,1618.jpg,72,72,Travona,G-23,G-23,1,Surface - 12,Travona,Travona 800-9,Travona 800-9,,Underground Workings,Silver Bow,Butte*,46.002525,-112.549887,Google Earth,Wgs84,1/1/1951,Anaconda Copper Mining Company,Digital Copy Only,1,1,46,19,No,,"1"" = 50'",03n,08w,24,image/jpeg
1619,1619.jpg,73,73,Travona,G-23,G-23,1,Surface - 12,Travona,Travona 800-8,Travona 800-8,,Underground Workings,Silver Bow,Butte*,46.002525,-112.549887,Google Earth,Wgs84,1/1/1951,Anaconda Copper Mining Company,Digital Copy Only,1,1,46,19,No,,"1"" = 50'",03n,08w,24,image/jpeg
1620,1620.jpg,74,74,Travona,G-23,G-23,1,Surface - 12,Travona,Travona 800-7,Travona 800-7,,Underground Workings,Silver Bow,Butte*,46.002525,-112.549887,Google Earth,Wgs84,1/1/1951,Anaconda Copper Mining Company,Digital Copy Only,1,1,46,19,No,,"1"" = 50'",03n,08w,24,image/jpeg
1621,1621.jpg,75,75,Travona,G-23,G-23,1,Surface - 12,Travona,Travona 800-6,Travona 800-6,Elevation: 5080.0'± At The Travona C858ir Raise,Underground Workings,Silver Bow,Butte*,46.002525,-112.549887,Google Earth,Wgs84,1/1/1951,Anaconda Copper Mining Company,Digital Copy Only,1,1,46,19,No,,"1"" = 50'",03n,08w,24,image/jpeg
1622,1622.jpg,76,76,Travona,G-23,G-23,1,Surface - 12,Travona,Travona 800-5,Travona 800-5,Elevation: 5072.0'± At The Travona C855ir Raise,Underground Workings,Silver Bow,Butte*,46.002525,-112.549887,Google Earth,Wgs84,1/1/1951,Anaconda Copper Mining Company,Digital Copy Only,1,1,46,19,No,,"1"" = 50'",03n,08w,24,image/jpeg
1623,1623.jpg,77,77,Travona,G-23,G-23,1,Surface - 12,Travona,Travona 800-4,Travona 800-4,,Underground Workings,Silver Bow,Butte*,46.002525,-112.549887,Google Earth,Wgs84,1/1/1951,Anaconda Copper Mining Company,Digital Copy Only,1,1,46,19,No,,"1"" = 50'",03n,08w,24,image/jpeg
1624,1624.jpg,78,78,Travona,G-23,G-23,1,Surface - 12,Travona,Travona 800-3,Travona 800-3,,Underground Workings,Silver Bow,Butte*,46.002525,-112.549887,Google Earth,Wgs84,1/1/1951,Anaconda Copper Mining Company,Digital Copy Only,1,1,46,19,No,,"1"" = 50'",03n,08w,24,image/jpeg
1625,1625.jpg,79,79,Travona,G-23,G-23,1,Surface - 12,Travona,Travona 800-2,Travona 800-2,,Underground Workings,Silver Bow,Butte*,46.002525,-112.549887,Google Earth,Wgs84,1/1/1951,Anaconda Copper Mining Company,Digital Copy Only,1,1,46,19,No,,"1"" = 50'",03n,08w,24,image/jpeg
1626,1626.jpg,80,80,Travona,G-23,G-23,1,Surface - 12,Travona,Travona 800-1,Travona 800-1,,Underground Workings,Silver Bow,Butte*,46.002525,-112.549887,Google Earth,Wgs84,1/1/1951,Anaconda Copper Mining Company,Digital Copy Only,1,1,46,19,No,,"1"" = 50'",03n,08w,24,image/jpeg
1627,1627.jpg,81,81,Travona,G-23,G-23,1,Surface - 12,Travona,Travona 800 Sill,Travona 800 Sill,Elevation: 5037.6' T.R. El. At The Beginning Of The Travona C837 Drift; 5027.37 T.R. El. At The Travona C804r Raise; 5023.89' T.R. El. At The Travona B875r Raise,Underground Workings,Silver Bow,Butte*,46.002525,-112.549887,Google Earth,Wgs84,1/1/1949,Anaconda Copper Mining Company,Digital Copy Only,1,1,46,19,No,,"1"" = 50'",03n,08w,24,image/jpeg
1628,1628.jpg,82,82,Travona,G-23,G-23,1,Surface - 12,Travona,Travona 1000-28,Travona 1000-28,Blank Page,Underground Workings,Silver Bow,Butte*,46.002525,-112.549887,Google Earth,Wgs84,,Anaconda Copper Mining Company,Digital Copy Only,1,1,46,19,No,,"1"" = 50'",03n,08w,24,image/jpeg
1629,1629.jpg,83,83,Travona,G-23,G-23,1,Surface - 12,Travona,Travona 1000-27,Travona 1000-27,,Underground Workings,Silver Bow,Butte*,46.002525,-112.549887,Google Earth,Wgs84,1/1/1954,Anaconda Copper Mining Company,Digital Copy Only,1,1,46,19,No,,"1"" = 50'",03n,08w,24,image/jpeg
1630,1630.jpg,84,84,Travona,G-23,G-23,1,Surface - 12,Travona,Travona 1000-26,Travona 1000-26,,Underground Workings,Silver Bow,Butte*,46.002525,-112.549887,Google Earth,Wgs84,1/1/1954,Anaconda Copper Mining Company,Digital Copy Only,1,1,46,19,No,,"1"" = 50'",03n,08w,24,image/jpeg
1631,1631.jpg,85,85,Travona,G-23,G-23,1,Surface - 12,Travona,Travona 1000-25,Travona 1000-25,,Underground Workings,Silver Bow,Butte*,46.002525,-112.549887,Google Earth,Wgs84,1/1/1954,Anaconda Copper Mining Company,Digital Copy Only,1,1,46,19,No,,"1"" = 50'",03n,08w,24,image/jpeg
1632,1632.jpg,86,86,Travona,G-23,G-23,1,Surface - 12,Travona,Travona 1000-24,Travona 1000-24,Elevation: 4998.0'± At The Travona B1010i Stope,Underground Workings,Silver Bow,Butte*,46.002525,-112.549887,Google Earth,Wgs84,1/1/1953,Anaconda Copper Mining Company,Digital Copy Only,1,1,46,19,No,,"1"" = 50'",03n,08w,24,image/jpeg
1633,1633.jpg,87,87,Travona,G-23,G-23,1,Surface - 12,Travona,Travona 1000-23,Travona 1000-23,,Underground Workings,Silver Bow,Butte*,46.002525,-112.549887,Google Earth,Wgs84,1/1/1953,Anaconda Copper Mining Company,Digital Copy Only,1,1,46,19,No,,"1"" = 50'",03n,08w,24,image/jpeg
1634,1634.jpg,88,88,Travona,G-23,G-23,1,Surface - 12,Travona,Travona 1000-22,Travona 1000-22,,Underground Workings,Silver Bow,Butte*,46.002525,-112.549887,Google Earth,Wgs84,1/1/1953,Anaconda Copper Mining Company,Digital Copy Only,1,1,46,19,No,,"1"" = 50'",03n,08w,24,image/jpeg
1635,1635.jpg,89,89,Travona,G-23,G-23,1,Surface - 12,Travona,Travona 1000-21,Travona 1000-21,,Underground Workings,Silver Bow,Butte*,46.002525,-112.549887,Google Earth,Wgs84,1/1/1953,Anaconda Copper Mining Company,Digital Copy Only,1,1,46,19,No,,"1"" = 50'",03n,08w,24,image/jpeg
1636,1636.jpg,90,90,Travona,G-23,G-23,1,Surface - 12,Travona,Travona 1000-20,Travona 1000-20,,Underground Workings,Silver Bow,Butte*,46.002525,-112.549887,Google Earth,Wgs84,1/1/1953,Anaconda Copper Mining Company,Digital Copy Only,1,1,46,19,No,,"1"" = 50'",03n,08w,24,image/jpeg
1637,1637.jpg,91,91,Travona,G-23,G-23,1,Surface - 12,Travona,Travona 1000-19,Travona 1000-19,,Underground Workings,Silver Bow,Butte*,46.002525,-112.549887,Google Earth,Wgs84,1/1/1953,Anaconda Copper Mining Company,Digital Copy Only,1,1,46,19,No,,"1"" = 50'",03n,08w,24,image/jpeg
1638,1638.jpg,92,92,Travona,G-23,G-23,1,Surface - 12,Travona,Travona 1000-18,Travona 1000-18,,Underground Workings,Silver Bow,Butte*,46.002525,-112.549887,Google Earth,Wgs84,1/1/1953,Anaconda Copper Mining Company,Digital Copy Only,1,1,46,19,No,,"1"" = 50'",03n,08w,24,image/jpeg
1639,1639.jpg,93,93,Travona,G-23,G-23,1,Surface - 12,Travona,Travona 1000-17,Travona 1000-17,,Underground Workings,Silver Bow,Butte*,46.002525,-112.549887,Google Earth,Wgs84,1/1/1953,Anaconda Copper Mining Company,Digital Copy Only,1,1,46,19,No,,"1"" = 50'",03n,08w,24,image/jpeg
1640,1640.jpg,94,94,Travona,G-23,G-23,1,Surface - 12,Travona,Travona 1000-16,Travona 1000-16,,Underground Workings,Silver Bow,Butte*,46.002525,-112.549887,Google Earth,Wgs84,1/1/1953,Anaconda Copper Mining Company,Digital Copy Only,1,1,46,19,No,,"1"" = 50'",03n,08w,24,image/jpeg
1641,1641.jpg,95,95,Travona,G-23,G-23,1,Surface - 12,Travona,Travona 1000-15,Travona 1000-15,Elevation: 4934.0'± At The Travona B1011i Stope,Underground Workings,Silver Bow,Butte*,46.002525,-112.549887,Google Earth,Wgs84,1/1/1953,Anaconda Copper Mining Company,Digital Copy Only,1,1,46,19,No,,"1"" = 50'",03n,08w,24,image/jpeg
1642,1642.jpg,96,96,Travona,G-23,G-23,1,Surface - 12,Travona,Travona 1000-14,Travona 1000-14,,Underground Workings,Silver Bow,Butte*,46.002525,-112.549887,Google Earth,Wgs84,1/1/1953,Anaconda Copper Mining Company,Digital Copy Only,1,1,46,19,No,,"1"" = 50'",03n,08w,24,image/jpeg
1643,1643.jpg,97,97,Travona,G-23,G-23,1,Surface - 12,Travona,Travona 1000-13,Travona 1000-13,,Underground Workings,Silver Bow,Butte*,46.002525,-112.549887,Google Earth,Wgs84,1/1/1953,Anaconda Copper Mining Company,Digital Copy Only,1,1,46,19,No,,"1"" = 50'",03n,08w,24,image/jpeg
1644,1644.jpg,98,98,Travona,G-23,G-23,1,Surface - 12,Travona,Travona 1000-12,Travona 1000-12,,Underground Workings,Silver Bow,Butte*,46.002525,-112.549887,Google Earth,Wgs84,1/1/1953,Anaconda Copper Mining Company,Digital Copy Only,1,1,46,19,No,,"1"" = 50'",03n,08w,24,image/jpeg
1645,1645.jpg,99,99,Travona,G-23,G-23,1,Surface - 12,Travona,Travona 1000-11,Travona 1000-11,Elevation: 4903.0'± At The Travona B1017r Raise,Underground Workings,Silver Bow,Butte*,46.002525,-112.549887,Google Earth,Wgs84,1/1/1953,Anaconda Copper Mining Company,Digital Copy Only,1,1,46,19,No,,"1"" = 50'",03n,08w,24,image/jpeg
1646,1646.jpg,100,100,Travona,G-23,G-23,1,Surface - 12,Travona,Travona 1000-10,Travona 1000-10,,Underground Workings,Silver Bow,Butte*,46.002525,-112.549887,Google Earth,Wgs84,1/1/1953,Anaconda Copper Mining Company,Digital Copy Only,1,1,46,19,No,,"1"" = 50'",03n,08w,24,image/jpeg
1647,1647.jpg,101,101,Travona,G-23,G-23,1,Surface - 12,Travona,Travona 1000-9,Travona 1000-9,Elevation: 4865.5'± At The Travona B1004r Raise,Underground Workings,Silver Bow,Butte*,46.002525,-112.549887,Google Earth,Wgs84,1/1/1953,Anaconda Copper Mining Company,Digital Copy Only,1,1,46,19,No,,"1"" = 50'",03n,08w,24,image/jpeg
1648,1648.jpg,102,102,Travona,G-23,G-23,1,Surface - 12,Travona,Travona 1000-8,Travona 1000-8,,Underground Workings,Silver Bow,Butte*,46.002525,-112.549887,Google Earth,Wgs84,1/1/1953,Anaconda Copper Mining Company,Digital Copy Only,1,1,46,19,No,,"1"" = 50'",03n,08w,24,image/jpeg
1649,1649.jpg,103,103,Travona,G-23,G-23,1,Surface - 12,Travona,Travona 1000-7,Travona 1000-7,,Underground Workings,Silver Bow,Butte*,46.002525,-112.549887,Google Earth,Wgs84,1/1/1953,Anaconda Copper Mining Company,Digital Copy Only,1,1,46,19,No,,"1"" = 50'",03n,08w,24,image/jpeg
1650,1650.jpg,104,104,Travona,G-23,G-23,1,Surface - 12,Travona,Travona 1000-6,Travona 1000-6,,Underground Workings,Silver Bow,Butte*,46.002525,-112.549887,Google Earth,Wgs84,1/1/1953,Anaconda Copper Mining Company,Digital Copy Only,1,1,46,19,No,,"1"" = 50'",03n,08w,24,image/jpeg
1651,1651.jpg,105,105,Travona,G-23,G-23,1,Surface - 12,Travona,Travona 1000-5,Travona 1000-5,,Underground Workings,Silver Bow,Butte*,46.002525,-112.549887,Google Earth,Wgs84,1/1/1953,Anaconda Copper Mining Company,Digital Copy Only,1,1,46,19,No,,"1"" = 50'",03n,08w,24,image/jpeg
1652,1652.jpg,106,106,Travona,G-23,G-23,1,Surface - 12,Travona,Travona 1000-4,Travona 1000-4,,Underground Workings,Silver Bow,Butte*,46.002525,-112.549887,Google Earth,Wgs84,1/1/1953,Anaconda Copper Mining Company,Digital Copy Only,1,1,46,19,No,,"1"" = 50'",03n,08w,24,image/jpeg
1653,1653.jpg,107,107,Travona,G-23,G-23,1,Surface - 12,Travona,Travona 1000-3,Travona 1000-3,,Underground Workings,Silver Bow,Butte*,46.002525,-112.549887,Google Earth,Wgs84,1/1/1953,Anaconda Copper Mining Company,Digital Copy Only,1,1,46,19,No,,"1"" = 50'",03n,08w,24,image/jpeg
1654,1654.jpg,108,108,Travona,G-23,G-23,1,Surface - 12,Travona,Travona 1000-2,Travona 1000-2,,Underground Workings,Silver Bow,Butte*,46.002525,-112.549887,Google Earth,Wgs84,1/1/1953,Anaconda Copper Mining Company,Digital Copy Only,1,1,46,19,No,,"1"" = 50'",03n,08w,24,image/jpeg
1655,1655.jpg,109,109,Travona,G-23,G-23,1,Surface - 12,Travona,Travona 1000-1,Travona 1000-1,,Underground Workings,Silver Bow,Butte*,46.002525,-112.549887,Google Earth,Wgs84,1/1/1952,Anaconda Copper Mining Company,Digital Copy Only,1,1,46,19,No,,"1"" = 50'",03n,08w,24,image/jpeg
1656,1656.jpg,110,110,Travona,G-23,G-23,1,Surface - 12,Travona,Travona 1000 Sill,Travona 1000 Sill,Elevation: 4818.20' T.R. El. At Survey Point A12733 In The Travona A1086 Drift; 4814.94' T.R. El. At Survey Point A9503 In The Travona 1007 Drift,Underground Workings,Silver Bow,Butte*,46.002525,-112.549887,Google Earth,Wgs84,1/1/1951,Anaconda Copper Mining Company,Digital Copy Only,1,1,46,19,No,,"1"" = 50'",03n,08w,24,image/jpeg
1657,1657.jpg,111,111,Travona,G-23,G-23,1,Surface - 12,Travona,Travona 1200-28,Travona 1200-28,Blank Page,Underground Workings,Silver Bow,Butte*,46.002525,-112.549887,Google Earth,Wgs84,,Anaconda Copper Mining Company,Digital Copy Only,1,1,46,19,No,,"1"" = 50'",03n,08w,24,image/jpeg
1658,1658.jpg,112,112,Travona,G-23,G-23,1,Surface - 12,Travona,Travona 1200-27,Travona 1200-27,Blank Page,Underground Workings,Silver Bow,Butte*,46.002525,-112.549887,Google Earth,Wgs84,,Anaconda Copper Mining Company,Digital Copy Only,1,1,46,19,No,,"1"" = 50'",03n,08w,24,image/jpeg
1659,1659.jpg,113,113,Travona,G-23,G-23,1,Surface - 12,Travona,Travona 1200-26,Travona 1200-26,Blank Page,Underground Workings,Silver Bow,Butte*,46.002525,-112.549887,Google Earth,Wgs84,,Anaconda Copper Mining Company,Digital Copy Only,1,1,46,19,No,,"1"" = 50'",03n,08w,24,image/jpeg
1660,1660.jpg,114,114,Travona,G-23,G-23,1,Surface - 12,Travona,Travona 1200-25,Travona 1200-25,Blank Page,Underground Workings,Silver Bow,Butte*,46.002525,-112.549887,Google Earth,Wgs84,,Anaconda Copper Mining Company,Digital Copy Only,1,1,46,19,No,,"1"" = 50'",03n,08w,24,image/jpeg
1661,1661.jpg,115,115,Travona,G-23,G-23,1,Surface - 12,Travona,Travona 1200-24,Travona 1200-24,,Underground Workings,Silver Bow,Butte*,46.002525,-112.549887,Google Earth,Wgs84,1/1/1953,Anaconda Copper Mining Company,Digital Copy Only,1,1,46,19,No,,"1"" = 50'",03n,08w,24,image/jpeg
1662,1662.jpg,116,116,Travona,G-23,G-23,1,Surface - 12,Travona,Travona 1200-23,Travona 1200-23,Elevation: 4801.1' At The End On The Travona 1233i Drift,Underground Workings,Silver Bow,Butte*,46.002525,-112.549887,Google Earth,Wgs84,1/1/1953,Anaconda Copper Mining Company,Digital Copy Only,1,1,46,19,No,,"1"" = 50'",03n,08w,24,image/jpeg
1663,1663.jpg,117,117,Travona,G-23,G-23,1,Surface - 12,Travona,Travona 1200-22,Travona 1200-22,,Underground Workings,Silver Bow,Butte*,46.002525,-112.549887,Google Earth,Wgs84,1/1/1953,Anaconda Copper Mining Company,Digital Copy Only,1,1,46,19,No,,"1"" = 50'",03n,08w,24,image/jpeg
1664,1664.jpg,118,118,Travona,G-23,G-23,1,Surface - 12,Travona,Travona 1200-21,Travona 1200-21,,Underground Workings,Silver Bow,Butte*,46.002525,-112.549887,Google Earth,Wgs84,1/1/1953,Anaconda Copper Mining Company,Digital Copy Only,1,1,46,19,No,,"1"" = 50'",03n,08w,24,image/jpeg
1665,1665.jpg,119,119,Travona,G-23,G-23,1,Surface - 12,Travona,Travona 1200-20,Travona 1200-20,,Underground Workings,Silver Bow,Butte*,46.002525,-112.549887,Google Earth,Wgs84,1/1/1953,Anaconda Copper Mining Company,Digital Copy Only,1,1,46,19,No,,"1"" = 50'",03n,08w,24,image/jpeg
1666,1666.jpg,120,120,Travona,G-23,G-23,1,Surface - 12,Travona,Travona 1200-19,Travona 1200-19,,Underground Workings,Silver Bow,Butte*,46.002525,-112.549887,Google Earth,Wgs84,1/1/1953,Anaconda Copper Mining Company,Digital Copy Only,1,1,46,19,No,,"1"" = 50'",03n,08w,24,image/jpeg
1667,1667.jpg,121,121,Travona,G-23,G-23,1,Surface - 12,Travona,Travona 1200-18,Travona 1200-18,,Underground Workings,Silver Bow,Butte*,46.002525,-112.549887,Google Earth,Wgs84,1/1/1953,Anaconda Copper Mining Company,Digital Copy Only,1,1,46,19,No,,"1"" = 50'",03n,08w,24,image/jpeg
1668,1668.jpg,122,122,Travona,G-23,G-23,1,Surface - 12,Travona,Travona 1200-17,Travona 1200-17,,Underground Workings,Silver Bow,Butte*,46.002525,-112.549887,Google Earth,Wgs84,1/1/1953,Anaconda Copper Mining Company,Digital Copy Only,1,1,46,19,No,,"1"" = 50'",03n,08w,24,image/jpeg
1669,1669.jpg,123,123,Travona,G-23,G-23,1,Surface - 12,Travona,Travona 1200-16,Travona 1200-16,,Underground Workings,Silver Bow,Butte*,46.002525,-112.549887,Google Earth,Wgs84,1/1/1953,Anaconda Copper Mining Company,Digital Copy Only,1,1,46,19,No,,"1"" = 50'",03n,08w,24,image/jpeg
1670,1670.jpg,124,124,Travona,G-23,G-23,1,Surface - 12,Travona,Travona 1200-15,Travona 1200-15,,Underground Workings,Silver Bow,Butte*,46.002525,-112.549887,Google Earth,Wgs84,1/1/1953,Anaconda Copper Mining Company,Digital Copy Only,1,1,46,19,No,,"1"" = 50'",03n,08w,24,image/jpeg
1671,1671.jpg,125,125,Travona,G-23,G-23,1,Surface - 12,Travona,Travona 1200-14,Travona 1200-14,,Underground Workings,Silver Bow,Butte*,46.002525,-112.549887,Google Earth,Wgs84,1/1/1953,Anaconda Copper Mining Company,Digital Copy Only,1,1,46,19,No,,"1"" = 50'",03n,08w,24,image/jpeg
1672,1672.jpg,126,126,Travona,G-23,G-23,1,Surface - 12,Travona,Travona 1200-13,Travona 1200-13,,Underground Workings,Silver Bow,Butte*,46.002525,-112.549887,Google Earth,Wgs84,1/1/1953,Anaconda Copper Mining Company,Digital Copy Only,1,1,46,19,No,,"1"" = 50'",03n,08w,24,image/jpeg
1673,1673.jpg,127,127,Travona,G-23,G-23,1,Surface - 12,Travona,Travona 1200-12,Travona 1200-12,4717.6' Fl. El. At The Travona 1223i Drift,Underground Workings,Silver Bow,Butte*,46.002525,-112.549887,Google Earth,Wgs84,1/1/1953,Anaconda Copper Mining Company,Digital Copy Only,1,1,46,19,No,,"1"" = 50'",03n,08w,24,image/jpeg
1674,1674.jpg,128,128,Travona,G-23,G-23,1,Surface - 12,Travona,Travona 1200-11,Travona 1200-11,,Underground Workings,Silver Bow,Butte*,46.002525,-112.549887,Google Earth,Wgs84,1/1/1953,Anaconda Copper Mining Company,Digital Copy Only,1,1,46,19,No,,"1"" = 50'",03n,08w,24,image/jpeg
1675,1675.jpg,129,129,Travona,G-23,G-23,1,Surface - 12,Travona,Travona 1200-10,Travona 1200-10,,Underground Workings,Silver Bow,Butte*,46.002525,-112.549887,Google Earth,Wgs84,1/1/1953,Anaconda Copper Mining Company,Digital Copy Only,1,1,46,19,No,,"1"" = 50'",03n,08w,24,image/jpeg
1676,1676.jpg,130,130,Travona,G-23,G-23,1,Surface - 12,Travona,Travona 1200-9,Travona 1200-9,,Underground Workings,Silver Bow,Butte*,46.002525,-112.549887,Google Earth,Wgs84,1/1/1953,Anaconda Copper Mining Company,Digital Copy Only,1,1,46,19,No,,"1"" = 50'",03n,08w,24,image/jpeg
1677,1677.jpg,131,131,Travona,G-23,G-23,1,Surface - 12,Travona,Travona 1200-8,Travona 1200-8,,Underground Workings,Silver Bow,Butte*,46.002525,-112.549887,Google Earth,Wgs84,1/1/1953,Anaconda Copper Mining Company,Digital Copy Only,1,1,46,19,No,,"1"" = 50'",03n,08w,24,image/jpeg
1678,1678.jpg,132,132,Travona,G-23,G-23,1,Surface - 12,Travona,Travona 1200-7,Travona 1200-7,,Underground Workings,Silver Bow,Butte*,46.002525,-112.549887,Google Earth,Wgs84,1/1/1953,Anaconda Copper Mining Company,Digital Copy Only,1,1,46,19,No,,"1"" = 50'",03n,08w,24,image/jpeg
1679,1679.jpg,133,133,Travona,G-23,G-23,1,Surface - 12,Travona,Travona 1200-6,Travona 1200-6,,Underground Workings,Silver Bow,Butte*,46.002525,-112.549887,Google Earth,Wgs84,1/1/1953,Anaconda Copper Mining Company,Digital Copy Only,1,1,46,19,No,,"1"" = 50'",03n,08w,24,image/jpeg
1680,1680.jpg,134,134,Travona,G-23,G-23,1,Surface - 12,Travona,Travona 1200-5,Travona 1200-5,,Underground Workings,Silver Bow,Butte*,46.002525,-112.549887,Google Earth,Wgs84,1/1/1952,Anaconda Copper Mining Company,Digital Copy Only,1,1,46,19,No,,"1"" = 50'",03n,08w,24,image/jpeg
1681,1681.jpg,135,135,Travona,G-23,G-23,1,Surface - 12,Travona,Travona 1200-4,Travona 1200-4,,Underground Workings,Silver Bow,Butte*,46.002525,-112.549887,Google Earth,Wgs84,1/1/1952,Anaconda Copper Mining Company,Digital Copy Only,1,1,46,19,No,,"1"" = 50'",03n,08w,24,image/jpeg
1682,1682.jpg,136,136,Travona,G-23,G-23,1,Surface - 12,Travona,Travona 1200-3,Travona 1200-3,,Underground Workings,Silver Bow,Butte*,46.002525,-112.549887,Google Earth,Wgs84,1/1/1952,Anaconda Copper Mining Company,Digital Copy Only,1,1,46,19,No,,"1"" = 50'",03n,08w,24,image/jpeg
1683,1683.jpg,137,137,Travona,G-23,G-23,1,Surface - 12,Travona,Travona 1200-2,Travona 1200-2,,Underground Workings,Silver Bow,Butte*,46.002525,-112.549887,Google Earth,Wgs84,1/1/1952,Anaconda Copper Mining Company,Digital Copy Only,1,1,46,19,No,,"1"" = 50'",03n,08w,24,image/jpeg
1684,1684.jpg,138,138,Travona,G-23,G-23,1,Surface - 12,Travona,Travona 1200-1,Travona 1200-1,,Underground Workings,Silver Bow,Butte*,46.002525,-112.549887,Google Earth,Wgs84,1/1/1952,Anaconda Copper Mining Company,Digital Copy Only,1,1,46,19,No,,"1"" = 50'",03n,08w,24,image/jpeg
1685,1685.jpg,139,139,Travona,G-23,G-23,1,Surface - 12,Travona,Travona 1200 Sill,Travona 1200 Sill,Elevation: 4623.94' T.R. El. At Survey Point A11459 In The Travona 1217 Drift; 4622.8' At Survey Point A8682 In The Travona 1201 Drift,Underground Workings,Silver Bow,Butte*,46.002525,-112.549887,Google Earth,Wgs84,1/1/1951,Anaconda Copper Mining Company,Digital Copy Only,1,1,46,19,No,,"1"" = 50'",03n,08w,24,image/jpeg
1686,1686.jpg,140,140,Travona,G-23,G-23,1,Surface - 12,,Blank Page - Left Page Only; End Of Stope Book,Blank Page - Left Page Only; End Of Stope Book,End Of Stope,Underground Workings,Silver Bow,Butte*,46.002525,-112.549887,Google Earth,Wgs84,,Anaconda Copper Mining Company,Digital Copy Only,1,1,46,19,No,,"1"" = 50'",03n,08w,24,image/jpeg
